id;name;created_at;updated_at;description
1;Turnpike Light;2022-09-27T23:12:25;2022-09-28T08:20:47;capacitor Concrete
2;Mayotte invoice Architect;2022-09-28T06:04:43;2022-09-28T05:03:57;Toys
3;Pants transmit;2022-09-27T18:38:29;2022-09-28T08:22:59;bluetooth
4;Mississippi Sol Dominican;2022-09-28T01:23:07;2022-09-28T12:55:47;Accountability
5;Practical;2022-09-28T03:08:15;2022-09-28T02:41:29;payment
6;bypass Steel;2022-09-27T13:26:28;2022-09-28T07:41:38;Concrete Fresh transmitting
7;secondary;2022-09-27T15:01:22;2022-09-27T17:55:34;Ergonomic
8;Industrial;2022-09-27T21:21:57;2022-09-27T15:28:34;bandwidth-monitored Kazakhstan
9;Upgradable;2022-09-28T07:30:22;2022-09-27T14:07:50;feed
10;transparent channels circuit;2022-09-27T15:53:00;2022-09-28T03:44:48;seamless
